<annotation>
	<folder>my-project-name</folder>
	<filename>0_org_zoom2.jpg</filename>
	<path>/my-project-name/0_org_zoom2.jpg</path>
	<source>
		<database>Unspecified</database>
	</source>
	<size>
		<width>415</width>
		<height>622</height>
		<depth>3</depth>
	</size>
	<object>
		<name>toyota logo</name>
		<pose>Unspecified</pose>
		<truncated>0</truncated>
		<difficult>0</difficult>
		<bndbox>
			<xmin>46</xmin>
			<ymin>156</ymin>
			<xmax>371</xmax>
			<ymax>361</ymax>
		</bndbox>
	</object>
</annotation>