<annotation>
	<folder>my-project-name</folder>
	<filename>1_org_zoom.jpg</filename>
	<path>/my-project-name/1_org_zoom.jpg</path>
	<source>
		<database>Unspecified</database>
	</source>
	<size>
		<width>415</width>
		<height>622</height>
		<depth>3</depth>
	</size>
	<object>
		<name>toyota logo</name>
		<pose>Unspecified</pose>
		<truncated>0</truncated>
		<difficult>0</difficult>
		<bndbox>
			<xmin>86</xmin>
			<ymin>158</ymin>
			<xmax>272</xmax>
			<ymax>286</ymax>
		</bndbox>
	</object>
	<object>
		<name>toyota logo</name>
		<pose>Unspecified</pose>
		<truncated>0</truncated>
		<difficult>0</difficult>
		<bndbox>
			<xmin>144</xmin>
			<ymin>335</ymin>
			<xmax>331</xmax>
			<ymax>461</ymax>
		</bndbox>
	</object>
</annotation>