<annotation>
	<folder>my-project-name</folder>
	<filename>31a9e87ccf23a0fc9813be73ef71fcc4_display_large___a6f64fd9-e0cf-4651-a169-8007946ebc80.jpg</filename>
	<path>/my-project-name/31a9e87ccf23a0fc9813be73ef71fcc4_display_large___a6f64fd9-e0cf-4651-a169-8007946ebc80.jpg</path>
	<source>
		<database>Unspecified</database>
	</source>
	<size>
		<width>600</width>
		<height>396</height>
		<depth>3</depth>
	</size>
	<object>
		<name>toyota logo</name>
		<pose>Unspecified</pose>
		<truncated>0</truncated>
		<difficult>0</difficult>
		<bndbox>
			<xmin>8</xmin>
			<ymin>7</ymin>
			<xmax>592</xmax>
			<ymax>374</ymax>
		</bndbox>
	</object>
</annotation>