<annotation>
	<folder>my-project-name</folder>
	<filename>a15.jpg</filename>
	<path>/my-project-name/a15.jpg</path>
	<source>
		<database>Unspecified</database>
	</source>
	<size>
		<width>1920</width>
		<height>1305</height>
		<depth>3</depth>
	</size>
	<object>
		<name>toyota logo</name>
		<pose>Unspecified</pose>
		<truncated>0</truncated>
		<difficult>0</difficult>
		<bndbox>
			<xmin>187</xmin>
			<ymin>60</ymin>
			<xmax>1838</xmax>
			<ymax>1229</ymax>
		</bndbox>
	</object>
</annotation>