<annotation>
	<folder>my-project-name</folder>
	<filename>a20.jpg</filename>
	<path>/my-project-name/a20.jpg</path>
	<source>
		<database>Unspecified</database>
	</source>
	<size>
		<width>1462</width>
		<height>1316</height>
		<depth>3</depth>
	</size>
	<object>
		<name>toyota logo</name>
		<pose>Unspecified</pose>
		<truncated>0</truncated>
		<difficult>0</difficult>
		<bndbox>
			<xmin>325</xmin>
			<ymin>296</ymin>
			<xmax>1093</xmax>
			<ymax>790</ymax>
		</bndbox>
	</object>
</annotation>