<annotation>
	<folder>my-project-name</folder>
	<filename>a22.jpg</filename>
	<path>/my-project-name/a22.jpg</path>
	<source>
		<database>Unspecified</database>
	</source>
	<size>
		<width>1920</width>
		<height>1276</height>
		<depth>3</depth>
	</size>
	<object>
		<name>toyota logo</name>
		<pose>Unspecified</pose>
		<truncated>0</truncated>
		<difficult>0</difficult>
		<bndbox>
			<xmin>712</xmin>
			<ymin>576</ymin>
			<xmax>1362</xmax>
			<ymax>1024</ymax>
		</bndbox>
	</object>
	<object>
		<name>toyota logo</name>
		<pose>Unspecified</pose>
		<truncated>0</truncated>
		<difficult>0</difficult>
		<bndbox>
			<xmin>223</xmin>
			<ymin>408</ymin>
			<xmax>808</xmax>
			<ymax>991</ymax>
		</bndbox>
	</object>
</annotation>