<annotation>
	<folder>my-project-name</folder>
	<filename>images280.jpg</filename>
	<path>/my-project-name/images280.jpg</path>
	<source>
		<database>Unspecified</database>
	</source>
	<size>
		<width>225</width>
		<height>225</height>
		<depth>3</depth>
	</size>
	<object>
		<name>toyota logo</name>
		<pose>Unspecified</pose>
		<truncated>0</truncated>
		<difficult>0</difficult>
		<bndbox>
			<xmin>39</xmin>
			<ymin>57</ymin>
			<xmax>205</xmax>
			<ymax>168</ymax>
		</bndbox>
	</object>
</annotation>