<annotation>
	<folder>my-project-name</folder>
	<filename>images263.jpg</filename>
	<path>/my-project-name/images263.jpg</path>
	<source>
		<database>Unspecified</database>
	</source>
	<size>
		<width>166</width>
		<height>193</height>
		<depth>3</depth>
	</size>
	<object>
		<name>toyota logo</name>
		<pose>Unspecified</pose>
		<truncated>0</truncated>
		<difficult>0</difficult>
		<bndbox>
			<xmin>33</xmin>
			<ymin>43</ymin>
			<xmax>133</xmax>
			<ymax>106</ymax>
		</bndbox>
	</object>
</annotation>