<annotation>
	<folder>my-project-name</folder>
	<filename>images240.jpg</filename>
	<path>/my-project-name/images240.jpg</path>
	<source>
		<database>Unspecified</database>
	</source>
	<size>
		<width>275</width>
		<height>183</height>
		<depth>3</depth>
	</size>
	<object>
		<name>toyota logo</name>
		<pose>Unspecified</pose>
		<truncated>0</truncated>
		<difficult>0</difficult>
		<bndbox>
			<xmin>143</xmin>
			<ymin>64</ymin>
			<xmax>162</xmax>
			<ymax>81</ymax>
		</bndbox>
	</object>
</annotation>