<annotation>
	<folder>my-project-name</folder>
	<filename>images101.jpg</filename>
	<path>/my-project-name/images101.jpg</path>
	<source>
		<database>Unspecified</database>
	</source>
	<size>
		<width>225</width>
		<height>225</height>
		<depth>3</depth>
	</size>
	<object>
		<name>toyota logo</name>
		<pose>Unspecified</pose>
		<truncated>0</truncated>
		<difficult>0</difficult>
		<bndbox>
			<xmin>50</xmin>
			<ymin>69</ymin>
			<xmax>175</xmax>
			<ymax>155</ymax>
		</bndbox>
	</object>
</annotation>