<annotation>
	<folder>my-project-name</folder>
	<filename>images161.jpg</filename>
	<path>/my-project-name/images161.jpg</path>
	<source>
		<database>Unspecified</database>
	</source>
	<size>
		<width>225</width>
		<height>225</height>
		<depth>3</depth>
	</size>
	<object>
		<name>toyota logo</name>
		<pose>Unspecified</pose>
		<truncated>0</truncated>
		<difficult>0</difficult>
		<bndbox>
			<xmin>69</xmin>
			<ymin>146</ymin>
			<xmax>103</xmax>
			<ymax>170</ymax>
		</bndbox>
	</object>
	<object>
		<name>toyota logo</name>
		<pose>Unspecified</pose>
		<truncated>0</truncated>
		<difficult>0</difficult>
		<bndbox>
			<xmin>121</xmin>
			<ymin>148</ymin>
			<xmax>155</xmax>
			<ymax>171</ymax>
		</bndbox>
	</object>
</annotation>