<annotation>
	<folder>my-project-name</folder>
	<filename>images213.jpg</filename>
	<path>/my-project-name/images213.jpg</path>
	<source>
		<database>Unspecified</database>
	</source>
	<size>
		<width>183</width>
		<height>275</height>
		<depth>3</depth>
	</size>
	<object>
		<name>toyota logo</name>
		<pose>Unspecified</pose>
		<truncated>0</truncated>
		<difficult>0</difficult>
		<bndbox>
			<xmin>17</xmin>
			<ymin>71</ymin>
			<xmax>163</xmax>
			<ymax>165</ymax>
		</bndbox>
	</object>
</annotation>