<annotation>
	<folder>my-project-name</folder>
	<filename>images279.jpg</filename>
	<path>/my-project-name/images279.jpg</path>
	<source>
		<database>Unspecified</database>
	</source>
	<size>
		<width>241</width>
		<height>209</height>
		<depth>3</depth>
	</size>
	<object>
		<name>toyota logo</name>
		<pose>Unspecified</pose>
		<truncated>0</truncated>
		<difficult>0</difficult>
		<bndbox>
			<xmin>16</xmin>
			<ymin>13</ymin>
			<xmax>220</xmax>
			<ymax>140</ymax>
		</bndbox>
	</object>
</annotation>