<annotation>
	<folder>my-project-name</folder>
	<filename>images281.jpg</filename>
	<path>/my-project-name/images281.jpg</path>
	<source>
		<database>Unspecified</database>
	</source>
	<size>
		<width>301</width>
		<height>167</height>
		<depth>3</depth>
	</size>
	<object>
		<name>toyota logo</name>
		<pose>Unspecified</pose>
		<truncated>0</truncated>
		<difficult>0</difficult>
		<bndbox>
			<xmin>47</xmin>
			<ymin>50</ymin>
			<xmax>108</xmax>
			<ymax>89</ymax>
		</bndbox>
	</object>
</annotation>