<annotation>
	<folder>my-project-name</folder>
	<filename>images231.jpg</filename>
	<path>/my-project-name/images231.jpg</path>
	<source>
		<database>Unspecified</database>
	</source>
	<size>
		<width>261</width>
		<height>193</height>
		<depth>3</depth>
	</size>
	<object>
		<name>toyota logo</name>
		<pose>Unspecified</pose>
		<truncated>0</truncated>
		<difficult>0</difficult>
		<bndbox>
			<xmin>36</xmin>
			<ymin>32</ymin>
			<xmax>224</xmax>
			<ymax>152</ymax>
		</bndbox>
	</object>
</annotation>