<annotation>
	<folder>my-project-name</folder>
	<filename>images156.jpg</filename>
	<path>/my-project-name/images156.jpg</path>
	<source>
		<database>Unspecified</database>
	</source>
	<size>
		<width>251</width>
		<height>200</height>
		<depth>3</depth>
	</size>
	<object>
		<name>toyota logo</name>
		<pose>Unspecified</pose>
		<truncated>0</truncated>
		<difficult>0</difficult>
		<bndbox>
			<xmin>182</xmin>
			<ymin>143</ymin>
			<xmax>243</xmax>
			<ymax>183</ymax>
		</bndbox>
	</object>
</annotation>