<annotation>
	<folder>my-project-name</folder>
	<filename>images159.jpg</filename>
	<path>/my-project-name/images159.jpg</path>
	<source>
		<database>Unspecified</database>
	</source>
	<size>
		<width>224</width>
		<height>224</height>
		<depth>3</depth>
	</size>
	<object>
		<name>toyota logo</name>
		<pose>Unspecified</pose>
		<truncated>0</truncated>
		<difficult>0</difficult>
		<bndbox>
			<xmin>32</xmin>
			<ymin>57</ymin>
			<xmax>192</xmax>
			<ymax>167</ymax>
		</bndbox>
	</object>
</annotation>