<annotation>
	<folder>my-project-name</folder>
	<filename>images107.jpg</filename>
	<path>/my-project-name/images107.jpg</path>
	<source>
		<database>Unspecified</database>
	</source>
	<size>
		<width>275</width>
		<height>183</height>
		<depth>3</depth>
	</size>
	<object>
		<name>toyota logo</name>
		<pose>Unspecified</pose>
		<truncated>0</truncated>
		<difficult>0</difficult>
		<bndbox>
			<xmin>43</xmin>
			<ymin>116</ymin>
			<xmax>92</xmax>
			<ymax>146</ymax>
		</bndbox>
	</object>
</annotation>