<annotation>
	<folder>my-project-name</folder>
	<filename>images192.jpg</filename>
	<path>/my-project-name/images192.jpg</path>
	<source>
		<database>Unspecified</database>
	</source>
	<size>
		<width>300</width>
		<height>168</height>
		<depth>3</depth>
	</size>
	<object>
		<name>toyota logo</name>
		<pose>Unspecified</pose>
		<truncated>0</truncated>
		<difficult>0</difficult>
		<bndbox>
			<xmin>126</xmin>
			<ymin>43</ymin>
			<xmax>174</xmax>
			<ymax>78</ymax>
		</bndbox>
	</object>
</annotation>