<annotation>
	<folder>my-project-name</folder>
	<filename>images178.jpg</filename>
	<path>/my-project-name/images178.jpg</path>
	<source>
		<database>Unspecified</database>
	</source>
	<size>
		<width>194</width>
		<height>260</height>
		<depth>3</depth>
	</size>
	<object>
		<name>toyota logo</name>
		<pose>Unspecified</pose>
		<truncated>0</truncated>
		<difficult>0</difficult>
		<bndbox>
			<xmin>12</xmin>
			<ymin>55</ymin>
			<xmax>178</xmax>
			<ymax>160</ymax>
		</bndbox>
	</object>
</annotation>