<annotation>
	<folder>my-project-name</folder>
	<filename>images103.jpg</filename>
	<path>/my-project-name/images103.jpg</path>
	<source>
		<database>Unspecified</database>
	</source>
	<size>
		<width>211</width>
		<height>239</height>
		<depth>3</depth>
	</size>
	<object>
		<name>toyota logo</name>
		<pose>Unspecified</pose>
		<truncated>0</truncated>
		<difficult>0</difficult>
		<bndbox>
			<xmin>0</xmin>
			<ymin>12</ymin>
			<xmax>149</xmax>
			<ymax>227</ymax>
		</bndbox>
	</object>
</annotation>