<annotation>
	<folder>my-project-name</folder>
	<filename>images204.jpg</filename>
	<path>/my-project-name/images204.jpg</path>
	<source>
		<database>Unspecified</database>
	</source>
	<size>
		<width>252</width>
		<height>200</height>
		<depth>3</depth>
	</size>
	<object>
		<name>toyota logo</name>
		<pose>Unspecified</pose>
		<truncated>0</truncated>
		<difficult>0</difficult>
		<bndbox>
			<xmin>22</xmin>
			<ymin>1</ymin>
			<xmax>230</xmax>
			<ymax>142</ymax>
		</bndbox>
	</object>
</annotation>