<annotation>
	<folder>my-project-name</folder>
	<filename>images114.jpg</filename>
	<path>/my-project-name/images114.jpg</path>
	<source>
		<database>Unspecified</database>
	</source>
	<size>
		<width>275</width>
		<height>183</height>
		<depth>3</depth>
	</size>
	<object>
		<name>toyota logo</name>
		<pose>Unspecified</pose>
		<truncated>0</truncated>
		<difficult>0</difficult>
		<bndbox>
			<xmin>41</xmin>
			<ymin>95</ymin>
			<xmax>93</xmax>
			<ymax>129</ymax>
		</bndbox>
	</object>
</annotation>