<annotation>
	<folder>my-project-name</folder>
	<filename>images173.jpg</filename>
	<path>/my-project-name/images173.jpg</path>
	<source>
		<database>Unspecified</database>
	</source>
	<size>
		<width>240</width>
		<height>180</height>
		<depth>3</depth>
	</size>
	<object>
		<name>toyota logo</name>
		<pose>Unspecified</pose>
		<truncated>0</truncated>
		<difficult>0</difficult>
		<bndbox>
			<xmin>16</xmin>
			<ymin>20</ymin>
			<xmax>223</xmax>
			<ymax>160</ymax>
		</bndbox>
	</object>
</annotation>