<annotation>
	<folder>my-project-name</folder>
	<filename>images153.jpg</filename>
	<path>/my-project-name/images153.jpg</path>
	<source>
		<database>Unspecified</database>
	</source>
	<size>
		<width>271</width>
		<height>186</height>
		<depth>3</depth>
	</size>
	<object>
		<name>toyota logo</name>
		<pose>Unspecified</pose>
		<truncated>0</truncated>
		<difficult>0</difficult>
		<bndbox>
			<xmin>0</xmin>
			<ymin>4</ymin>
			<xmax>270</xmax>
			<ymax>184</ymax>
		</bndbox>
	</object>
</annotation>