<annotation>
	<folder>my-project-name</folder>
	<filename>images181.jpg</filename>
	<path>/my-project-name/images181.jpg</path>
	<source>
		<database>Unspecified</database>
	</source>
	<size>
		<width>222</width>
		<height>227</height>
		<depth>3</depth>
	</size>
	<object>
		<name>toyota logo</name>
		<pose>Unspecified</pose>
		<truncated>0</truncated>
		<difficult>0</difficult>
		<bndbox>
			<xmin>27</xmin>
			<ymin>40</ymin>
			<xmax>192</xmax>
			<ymax>143</ymax>
		</bndbox>
	</object>
</annotation>