<annotation>
	<folder>my-project-name</folder>
	<filename>images220.jpg</filename>
	<path>/my-project-name/images220.jpg</path>
	<source>
		<database>Unspecified</database>
	</source>
	<size>
		<width>300</width>
		<height>168</height>
		<depth>3</depth>
	</size>
	<object>
		<name>toyota logo</name>
		<pose>Unspecified</pose>
		<truncated>0</truncated>
		<difficult>0</difficult>
		<bndbox>
			<xmin>18</xmin>
			<ymin>34</ymin>
			<xmax>128</xmax>
			<ymax>102</ymax>
		</bndbox>
	</object>
	<object>
		<name>toyota logo</name>
		<pose>Unspecified</pose>
		<truncated>0</truncated>
		<difficult>0</difficult>
		<bndbox>
			<xmin>167</xmin>
			<ymin>28</ymin>
			<xmax>281</xmax>
			<ymax>104</ymax>
		</bndbox>
	</object>
</annotation>