<annotation>
	<folder>my-project-name</folder>
	<filename>images225.jpg</filename>
	<path>/my-project-name/images225.jpg</path>
	<source>
		<database>Unspecified</database>
	</source>
	<size>
		<width>283</width>
		<height>178</height>
		<depth>3</depth>
	</size>
	<object>
		<name>toyota logo</name>
		<pose>Unspecified</pose>
		<truncated>0</truncated>
		<difficult>0</difficult>
		<bndbox>
			<xmin>194</xmin>
			<ymin>106</ymin>
			<xmax>217</xmax>
			<ymax>122</ymax>
		</bndbox>
	</object>
</annotation>