<annotation>
	<folder>my-project-name</folder>
	<filename>images150.jpg</filename>
	<path>/my-project-name/images150.jpg</path>
	<source>
		<database>Unspecified</database>
	</source>
	<size>
		<width>275</width>
		<height>183</height>
		<depth>3</depth>
	</size>
	<object>
		<name>toyota logo</name>
		<pose>Unspecified</pose>
		<truncated>0</truncated>
		<difficult>0</difficult>
		<bndbox>
			<xmin>91</xmin>
			<ymin>27</ymin>
			<xmax>187</xmax>
			<ymax>87</ymax>
		</bndbox>
	</object>
	<object>
		<name>toyota logo</name>
		<pose>Unspecified</pose>
		<truncated>0</truncated>
		<difficult>0</difficult>
		<bndbox>
			<xmin>36</xmin>
			<ymin>131</ymin>
			<xmax>66</xmax>
			<ymax>151</ymax>
		</bndbox>
	</object>
	<object>
		<name>toyota logo</name>
		<pose>Unspecified</pose>
		<truncated>0</truncated>
		<difficult>0</difficult>
		<bndbox>
			<xmin>71</xmin>
			<ymin>131</ymin>
			<xmax>102</xmax>
			<ymax>151</ymax>
		</bndbox>
	</object>
	<object>
		<name>toyota logo</name>
		<pose>Unspecified</pose>
		<truncated>0</truncated>
		<difficult>0</difficult>
		<bndbox>
			<xmin>107</xmin>
			<ymin>131</ymin>
			<xmax>137</xmax>
			<ymax>152</ymax>
		</bndbox>
	</object>
	<object>
		<name>toyota logo</name>
		<pose>Unspecified</pose>
		<truncated>0</truncated>
		<difficult>0</difficult>
		<bndbox>
			<xmin>141</xmin>
			<ymin>131</ymin>
			<xmax>171</xmax>
			<ymax>152</ymax>
		</bndbox>
	</object>
	<object>
		<name>toyota logo</name>
		<pose>Unspecified</pose>
		<truncated>0</truncated>
		<difficult>0</difficult>
		<bndbox>
			<xmin>176</xmin>
			<ymin>131</ymin>
			<xmax>206</xmax>
			<ymax>151</ymax>
		</bndbox>
	</object>
	<object>
		<name>toyota logo</name>
		<pose>Unspecified</pose>
		<truncated>0</truncated>
		<difficult>0</difficult>
		<bndbox>
			<xmin>210</xmin>
			<ymin>131</ymin>
			<xmax>240</xmax>
			<ymax>151</ymax>
		</bndbox>
	</object>
</annotation>