<annotation>
	<folder>my-project-name</folder>
	<filename>images148.jpg</filename>
	<path>/my-project-name/images148.jpg</path>
	<source>
		<database>Unspecified</database>
	</source>
	<size>
		<width>281</width>
		<height>179</height>
		<depth>3</depth>
	</size>
	<object>
		<name>toyota logo</name>
		<pose>Unspecified</pose>
		<truncated>0</truncated>
		<difficult>0</difficult>
		<bndbox>
			<xmin>0</xmin>
			<ymin>0</ymin>
			<xmax>281</xmax>
			<ymax>179</ymax>
		</bndbox>
	</object>
</annotation>