<annotation>
	<folder>my-project-name</folder>
	<filename>images124.jpg</filename>
	<path>/my-project-name/images124.jpg</path>
	<source>
		<database>Unspecified</database>
	</source>
	<size>
		<width>182</width>
		<height>276</height>
		<depth>3</depth>
	</size>
	<object>
		<name>toyota logo</name>
		<pose>Unspecified</pose>
		<truncated>0</truncated>
		<difficult>0</difficult>
		<bndbox>
			<xmin>2</xmin>
			<ymin>3</ymin>
			<xmax>173</xmax>
			<ymax>273</ymax>
		</bndbox>
	</object>
</annotation>