<annotation>
	<folder>my-project-name</folder>
	<filename>images170.jpg</filename>
	<path>/my-project-name/images170.jpg</path>
	<source>
		<database>Unspecified</database>
	</source>
	<size>
		<width>382</width>
		<height>132</height>
		<depth>3</depth>
	</size>
	<object>
		<name>toyota logo</name>
		<pose>Unspecified</pose>
		<truncated>0</truncated>
		<difficult>0</difficult>
		<bndbox>
			<xmin>140</xmin>
			<ymin>69</ymin>
			<xmax>198</xmax>
			<ymax>107</ymax>
		</bndbox>
	</object>
</annotation>