<annotation>
	<folder>my-project-name</folder>
	<filename>images194.jpg</filename>
	<path>/my-project-name/images194.jpg</path>
	<source>
		<database>Unspecified</database>
	</source>
	<size>
		<width>263</width>
		<height>192</height>
		<depth>3</depth>
	</size>
	<object>
		<name>toyota logo</name>
		<pose>Unspecified</pose>
		<truncated>0</truncated>
		<difficult>0</difficult>
		<bndbox>
			<xmin>86</xmin>
			<ymin>61</ymin>
			<xmax>159</xmax>
			<ymax>103</ymax>
		</bndbox>
	</object>
</annotation>