<annotation>
	<folder>my-project-name</folder>
	<filename>images264.jpg</filename>
	<path>/my-project-name/images264.jpg</path>
	<source>
		<database>Unspecified</database>
	</source>
	<size>
		<width>225</width>
		<height>225</height>
		<depth>3</depth>
	</size>
	<object>
		<name>toyota logo</name>
		<pose>Unspecified</pose>
		<truncated>0</truncated>
		<difficult>0</difficult>
		<bndbox>
			<xmin>49</xmin>
			<ymin>41</ymin>
			<xmax>203</xmax>
			<ymax>181</ymax>
		</bndbox>
	</object>
</annotation>