<annotation>
	<folder>my-project-name</folder>
	<filename>images303.jpg</filename>
	<path>/my-project-name/images303.jpg</path>
	<source>
		<database>Unspecified</database>
	</source>
	<size>
		<width>269</width>
		<height>187</height>
		<depth>3</depth>
	</size>
	<object>
		<name>toyota logo</name>
		<pose>Unspecified</pose>
		<truncated>0</truncated>
		<difficult>0</difficult>
		<bndbox>
			<xmin>21</xmin>
			<ymin>14</ymin>
			<xmax>248</xmax>
			<ymax>171</ymax>
		</bndbox>
	</object>
</annotation>