<annotation>
	<folder>my-project-name</folder>
	<filename>images202.jpg</filename>
	<path>/my-project-name/images202.jpg</path>
	<source>
		<database>Unspecified</database>
	</source>
	<size>
		<width>368</width>
		<height>137</height>
		<depth>3</depth>
	</size>
	<object>
		<name>toyota logo</name>
		<pose>Unspecified</pose>
		<truncated>0</truncated>
		<difficult>0</difficult>
		<bndbox>
			<xmin>126</xmin>
			<ymin>31</ymin>
			<xmax>242</xmax>
			<ymax>107</ymax>
		</bndbox>
	</object>
</annotation>