<annotation>
	<folder>my-project-name</folder>
	<filename>images237.jpg</filename>
	<path>/my-project-name/images237.jpg</path>
	<source>
		<database>Unspecified</database>
	</source>
	<size>
		<width>275</width>
		<height>183</height>
		<depth>3</depth>
	</size>
	<object>
		<name>toyota logo</name>
		<pose>Unspecified</pose>
		<truncated>0</truncated>
		<difficult>0</difficult>
		<bndbox>
			<xmin>28</xmin>
			<ymin>10</ymin>
			<xmax>248</xmax>
			<ymax>159</ymax>
		</bndbox>
	</object>
</annotation>