<annotation>
	<folder>my-project-name</folder>
	<filename>images289.jpg</filename>
	<path>/my-project-name/images289.jpg</path>
	<source>
		<database>Unspecified</database>
	</source>
	<size>
		<width>263</width>
		<height>192</height>
		<depth>3</depth>
	</size>
	<object>
		<name>toyota logo</name>
		<pose>Unspecified</pose>
		<truncated>0</truncated>
		<difficult>0</difficult>
		<bndbox>
			<xmin>49</xmin>
			<ymin>29</ymin>
			<xmax>108</xmax>
			<ymax>88</ymax>
		</bndbox>
	</object>
</annotation>