<annotation>
	<folder>my-project-name</folder>
	<filename>images131.jpg</filename>
	<path>/my-project-name/images131.jpg</path>
	<source>
		<database>Unspecified</database>
	</source>
	<size>
		<width>214</width>
		<height>235</height>
		<depth>3</depth>
	</size>
	<object>
		<name>toyota logo</name>
		<pose>Unspecified</pose>
		<truncated>0</truncated>
		<difficult>0</difficult>
		<bndbox>
			<xmin>72</xmin>
			<ymin>122</ymin>
			<xmax>116</xmax>
			<ymax>150</ymax>
		</bndbox>
	</object>
</annotation>