<annotation>
	<folder>my-project-name</folder>
	<filename>images302.jpg</filename>
	<path>/my-project-name/images302.jpg</path>
	<source>
		<database>Unspecified</database>
	</source>
	<size>
		<width>195</width>
		<height>195</height>
		<depth>3</depth>
	</size>
	<object>
		<name>toyota logo</name>
		<pose>Unspecified</pose>
		<truncated>0</truncated>
		<difficult>0</difficult>
		<bndbox>
			<xmin>20</xmin>
			<ymin>30</ymin>
			<xmax>171</xmax>
			<ymax>125</ymax>
		</bndbox>
	</object>
</annotation>