<annotation>
	<folder>my-project-name</folder>
	<filename>images109.jpg</filename>
	<path>/my-project-name/images109.jpg</path>
	<source>
		<database>Unspecified</database>
	</source>
	<size>
		<width>348</width>
		<height>145</height>
		<depth>3</depth>
	</size>
	<object>
		<name>toyota logo</name>
		<pose>Unspecified</pose>
		<truncated>0</truncated>
		<difficult>0</difficult>
		<bndbox>
			<xmin>14</xmin>
			<ymin>50</ymin>
			<xmax>80</xmax>
			<ymax>95</ymax>
		</bndbox>
	</object>
</annotation>