<annotation>
	<folder>my-project-name</folder>
	<filename>images299.jpg</filename>
	<path>/my-project-name/images299.jpg</path>
	<source>
		<database>Unspecified</database>
	</source>
	<size>
		<width>255</width>
		<height>198</height>
		<depth>3</depth>
	</size>
	<object>
		<name>toyota logo</name>
		<pose>Unspecified</pose>
		<truncated>0</truncated>
		<difficult>0</difficult>
		<bndbox>
			<xmin>72</xmin>
			<ymin>53</ymin>
			<xmax>186</xmax>
			<ymax>131</ymax>
		</bndbox>
	</object>
</annotation>