<annotation>
	<folder>my-project-name</folder>
	<filename>images146.jpg</filename>
	<path>/my-project-name/images146.jpg</path>
	<source>
		<database>Unspecified</database>
	</source>
	<size>
		<width>265</width>
		<height>190</height>
		<depth>3</depth>
	</size>
	<object>
		<name>toyota logo</name>
		<pose>Unspecified</pose>
		<truncated>0</truncated>
		<difficult>0</difficult>
		<bndbox>
			<xmin>9</xmin>
			<ymin>1</ymin>
			<xmax>262</xmax>
			<ymax>143</ymax>
		</bndbox>
	</object>
</annotation>