<annotation>
	<folder>my-project-name</folder>
	<filename>images230.jpg</filename>
	<path>/my-project-name/images230.jpg</path>
	<source>
		<database>Unspecified</database>
	</source>
	<size>
		<width>236</width>
		<height>213</height>
		<depth>3</depth>
	</size>
	<object>
		<name>toyota logo</name>
		<pose>Unspecified</pose>
		<truncated>0</truncated>
		<difficult>0</difficult>
		<bndbox>
			<xmin>8</xmin>
			<ymin>70</ymin>
			<xmax>213</xmax>
			<ymax>209</ymax>
		</bndbox>
	</object>
</annotation>