<annotation>
	<folder>my-project-name</folder>
	<filename>images245.jpg</filename>
	<path>/my-project-name/images245.jpg</path>
	<source>
		<database>Unspecified</database>
	</source>
	<size>
		<width>284</width>
		<height>177</height>
		<depth>3</depth>
	</size>
	<object>
		<name>toyota logo</name>
		<pose>Unspecified</pose>
		<truncated>0</truncated>
		<difficult>0</difficult>
		<bndbox>
			<xmin>61</xmin>
			<ymin>2</ymin>
			<xmax>224</xmax>
			<ymax>112</ymax>
		</bndbox>
	</object>
</annotation>