<annotation>
	<folder>my-project-name</folder>
	<filename>images195.jpg</filename>
	<path>/my-project-name/images195.jpg</path>
	<source>
		<database>Unspecified</database>
	</source>
	<size>
		<width>239</width>
		<height>211</height>
		<depth>3</depth>
	</size>
	<object>
		<name>toyota logo</name>
		<pose>Unspecified</pose>
		<truncated>0</truncated>
		<difficult>0</difficult>
		<bndbox>
			<xmin>74</xmin>
			<ymin>39</ymin>
			<xmax>200</xmax>
			<ymax>123</ymax>
		</bndbox>
	</object>
	<object>
		<name>toyota logo</name>
		<pose>Unspecified</pose>
		<truncated>0</truncated>
		<difficult>0</difficult>
		<bndbox>
			<xmin>23</xmin>
			<ymin>140</ymin>
			<xmax>76</xmax>
			<ymax>178</ymax>
		</bndbox>
	</object>
</annotation>