<annotation>
	<folder>my-project-name</folder>
	<filename>images247.jpg</filename>
	<path>/my-project-name/images247.jpg</path>
	<source>
		<database>Unspecified</database>
	</source>
	<size>
		<width>225</width>
		<height>225</height>
		<depth>3</depth>
	</size>
	<object>
		<name>toyota logo</name>
		<pose>Unspecified</pose>
		<truncated>0</truncated>
		<difficult>0</difficult>
		<bndbox>
			<xmin>11</xmin>
			<ymin>50</ymin>
			<xmax>214</xmax>
			<ymax>176</ymax>
		</bndbox>
	</object>
</annotation>