<annotation>
	<folder>my-project-name</folder>
	<filename>images209.jpg</filename>
	<path>/my-project-name/images209.jpg</path>
	<source>
		<database>Unspecified</database>
	</source>
	<size>
		<width>277</width>
		<height>182</height>
		<depth>3</depth>
	</size>
	<object>
		<name>toyota logo</name>
		<pose>Unspecified</pose>
		<truncated>0</truncated>
		<difficult>0</difficult>
		<bndbox>
			<xmin>60</xmin>
			<ymin>45</ymin>
			<xmax>218</xmax>
			<ymax>139</ymax>
		</bndbox>
	</object>
</annotation>