<annotation>
	<folder>my-project-name</folder>
	<filename>images271.jpg</filename>
	<path>/my-project-name/images271.jpg</path>
	<source>
		<database>Unspecified</database>
	</source>
	<size>
		<width>250</width>
		<height>189</height>
		<depth>3</depth>
	</size>
	<object>
		<name>toyota logo</name>
		<pose>Unspecified</pose>
		<truncated>0</truncated>
		<difficult>0</difficult>
		<bndbox>
			<xmin>79</xmin>
			<ymin>26</ymin>
			<xmax>122</xmax>
			<ymax>51</ymax>
		</bndbox>
	</object>
	<object>
		<name>toyota logo</name>
		<pose>Unspecified</pose>
		<truncated>0</truncated>
		<difficult>0</difficult>
		<bndbox>
			<xmin>156</xmin>
			<ymin>30</ymin>
			<xmax>197</xmax>
			<ymax>57</ymax>
		</bndbox>
	</object>
	<object>
		<name>toyota logo</name>
		<pose>Unspecified</pose>
		<truncated>0</truncated>
		<difficult>0</difficult>
		<bndbox>
			<xmin>36</xmin>
			<ymin>78</ymin>
			<xmax>87</xmax>
			<ymax>111</ymax>
		</bndbox>
	</object>
	<object>
		<name>toyota logo</name>
		<pose>Unspecified</pose>
		<truncated>0</truncated>
		<difficult>0</difficult>
		<bndbox>
			<xmin>129</xmin>
			<ymin>83</ymin>
			<xmax>178</xmax>
			<ymax>117</ymax>
		</bndbox>
	</object>
</annotation>