<annotation>
	<folder>my-project-name</folder>
	<filename>images180.jpg</filename>
	<path>/my-project-name/images180.jpg</path>
	<source>
		<database>Unspecified</database>
	</source>
	<size>
		<width>262</width>
		<height>192</height>
		<depth>3</depth>
	</size>
	<object>
		<name>toyota logo</name>
		<pose>Unspecified</pose>
		<truncated>0</truncated>
		<difficult>0</difficult>
		<bndbox>
			<xmin>80</xmin>
			<ymin>60</ymin>
			<xmax>189</xmax>
			<ymax>136</ymax>
		</bndbox>
	</object>
</annotation>