<annotation>
	<folder>my-project-name</folder>
	<filename>images184.jpg</filename>
	<path>/my-project-name/images184.jpg</path>
	<source>
		<database>Unspecified</database>
	</source>
	<size>
		<width>424</width>
		<height>119</height>
		<depth>3</depth>
	</size>
	<object>
		<name>toyota logo</name>
		<pose>Unspecified</pose>
		<truncated>0</truncated>
		<difficult>0</difficult>
		<bndbox>
			<xmin>2</xmin>
			<ymin>4</ymin>
			<xmax>113</xmax>
			<ymax>81</ymax>
		</bndbox>
	</object>
</annotation>