<annotation>
	<folder>my-project-name</folder>
	<filename>images308.jpg</filename>
	<path>/my-project-name/images308.jpg</path>
	<source>
		<database>Unspecified</database>
	</source>
	<size>
		<width>225</width>
		<height>225</height>
		<depth>3</depth>
	</size>
	<object>
		<name>toyota logo</name>
		<pose>Unspecified</pose>
		<truncated>0</truncated>
		<difficult>0</difficult>
		<bndbox>
			<xmin>34</xmin>
			<ymin>16</ymin>
			<xmax>153</xmax>
			<ymax>96</ymax>
		</bndbox>
	</object>
	<object>
		<name>toyota logo</name>
		<pose>Unspecified</pose>
		<truncated>0</truncated>
		<difficult>0</difficult>
		<bndbox>
			<xmin>71</xmin>
			<ymin>128</ymin>
			<xmax>191</xmax>
			<ymax>208</ymax>
		</bndbox>
	</object>
</annotation>