<annotation>
	<folder>my-project-name</folder>
	<filename>images283.jpg</filename>
	<path>/my-project-name/images283.jpg</path>
	<source>
		<database>Unspecified</database>
	</source>
	<size>
		<width>299</width>
		<height>168</height>
		<depth>3</depth>
	</size>
	<object>
		<name>toyota logo</name>
		<pose>Unspecified</pose>
		<truncated>0</truncated>
		<difficult>0</difficult>
		<bndbox>
			<xmin>46</xmin>
			<ymin>26</ymin>
			<xmax>235</xmax>
			<ymax>156</ymax>
		</bndbox>
	</object>
</annotation>