<annotation>
	<folder>my-project-name</folder>
	<filename>images285.jpg</filename>
	<path>/my-project-name/images285.jpg</path>
	<source>
		<database>Unspecified</database>
	</source>
	<size>
		<width>259</width>
		<height>194</height>
		<depth>3</depth>
	</size>
	<object>
		<name>toyota logo</name>
		<pose>Unspecified</pose>
		<truncated>0</truncated>
		<difficult>0</difficult>
		<bndbox>
			<xmin>22</xmin>
			<ymin>27</ymin>
			<xmax>120</xmax>
			<ymax>165</ymax>
		</bndbox>
	</object>
	<object>
		<name>toyota logo</name>
		<pose>Unspecified</pose>
		<truncated>0</truncated>
		<difficult>0</difficult>
		<bndbox>
			<xmin>166</xmin>
			<ymin>47</ymin>
			<xmax>238</xmax>
			<ymax>166</ymax>
		</bndbox>
	</object>
</annotation>