<annotation>
	<folder>my-project-name</folder>
	<filename>images136.jpg</filename>
	<path>/my-project-name/images136.jpg</path>
	<source>
		<database>Unspecified</database>
	</source>
	<size>
		<width>225</width>
		<height>225</height>
		<depth>3</depth>
	</size>
	<object>
		<name>toyota logo</name>
		<pose>Unspecified</pose>
		<truncated>0</truncated>
		<difficult>0</difficult>
		<bndbox>
			<xmin>32</xmin>
			<ymin>37</ymin>
			<xmax>119</xmax>
			<ymax>81</ymax>
		</bndbox>
	</object>
	<object>
		<name>toyota logo</name>
		<pose>Unspecified</pose>
		<truncated>0</truncated>
		<difficult>0</difficult>
		<bndbox>
			<xmin>121</xmin>
			<ymin>47</ymin>
			<xmax>194</xmax>
			<ymax>88</ymax>
		</bndbox>
	</object>
	<object>
		<name>toyota logo</name>
		<pose>Unspecified</pose>
		<truncated>0</truncated>
		<difficult>0</difficult>
		<bndbox>
			<xmin>34</xmin>
			<ymin>86</ymin>
			<xmax>116</xmax>
			<ymax>134</ymax>
		</bndbox>
	</object>
	<object>
		<name>toyota logo</name>
		<pose>Unspecified</pose>
		<truncated>0</truncated>
		<difficult>0</difficult>
		<bndbox>
			<xmin>121</xmin>
			<ymin>94</ymin>
			<xmax>189</xmax>
			<ymax>135</ymax>
		</bndbox>
	</object>
	<object>
		<name>toyota logo</name>
		<pose>Unspecified</pose>
		<truncated>0</truncated>
		<difficult>0</difficult>
		<bndbox>
			<xmin>38</xmin>
			<ymin>142</ymin>
			<xmax>105</xmax>
			<ymax>186</ymax>
		</bndbox>
	</object>
	<object>
		<name>toyota logo</name>
		<pose>Unspecified</pose>
		<truncated>0</truncated>
		<difficult>0</difficult>
		<bndbox>
			<xmin>133</xmin>
			<ymin>154</ymin>
			<xmax>175</xmax>
			<ymax>183</ymax>
		</bndbox>
	</object>
</annotation>