<annotation>
	<folder>my-project-name</folder>
	<filename>images244.jpg</filename>
	<path>/my-project-name/images244.jpg</path>
	<source>
		<database>Unspecified</database>
	</source>
	<size>
		<width>258</width>
		<height>195</height>
		<depth>3</depth>
	</size>
	<object>
		<name>toyota logo</name>
		<pose>Unspecified</pose>
		<truncated>0</truncated>
		<difficult>0</difficult>
		<bndbox>
			<xmin>78</xmin>
			<ymin>52</ymin>
			<xmax>160</xmax>
			<ymax>103</ymax>
		</bndbox>
	</object>
</annotation>