<annotation>
	<folder>my-project-name</folder>
	<filename>images27.jpg</filename>
	<path>/my-project-name/images27.jpg</path>
	<source>
		<database>Unspecified</database>
	</source>
	<size>
		<width>287</width>
		<height>175</height>
		<depth>3</depth>
	</size>
	<object>
		<name>toyota logo</name>
		<pose>Unspecified</pose>
		<truncated>0</truncated>
		<difficult>0</difficult>
		<bndbox>
			<xmin>4</xmin>
			<ymin>22</ymin>
			<xmax>233</xmax>
			<ymax>170</ymax>
		</bndbox>
	</object>
</annotation>