<annotation>
	<folder>my-project-name</folder>
	<filename>images132.jpg</filename>
	<path>/my-project-name/images132.jpg</path>
	<source>
		<database>Unspecified</database>
	</source>
	<size>
		<width>217</width>
		<height>232</height>
		<depth>3</depth>
	</size>
	<object>
		<name>toyota logo</name>
		<pose>Unspecified</pose>
		<truncated>0</truncated>
		<difficult>0</difficult>
		<bndbox>
			<xmin>60</xmin>
			<ymin>61</ymin>
			<xmax>157</xmax>
			<ymax>122</ymax>
		</bndbox>
	</object>
</annotation>