<annotation>
	<folder>my-project-name</folder>
	<filename>TOYOTA-LOGO.jpg</filename>
	<path>/my-project-name/TOYOTA-LOGO.jpg</path>
	<source>
		<database>Unspecified</database>
	</source>
	<size>
		<width>600</width>
		<height>400</height>
		<depth>3</depth>
	</size>
	<object>
		<name>toyota logo</name>
		<pose>Unspecified</pose>
		<truncated>0</truncated>
		<difficult>0</difficult>
		<bndbox>
			<xmin>59</xmin>
			<ymin>10</ymin>
			<xmax>544</xmax>
			<ymax>277</ymax>
		</bndbox>
	</object>
</annotation>