<annotation>
	<folder>my-project-name</folder>
	<filename>Toyota-logo-650w.jpg</filename>
	<path>/my-project-name/Toyota-logo-650w.jpg</path>
	<source>
		<database>Unspecified</database>
	</source>
	<size>
		<width>650</width>
		<height>350</height>
		<depth>3</depth>
	</size>
	<object>
		<name>toyota logo</name>
		<pose>Unspecified</pose>
		<truncated>0</truncated>
		<difficult>0</difficult>
		<bndbox>
			<xmin>22</xmin>
			<ymin>108</ymin>
			<xmax>218</xmax>
			<ymax>243</ymax>
		</bndbox>
	</object>
</annotation>