<annotation>
	<folder>my-project-name</folder>
	<filename>Toyota-Toyota.jpg</filename>
	<path>/my-project-name/Toyota-Toyota.jpg</path>
	<source>
		<database>Unspecified</database>
	</source>
	<size>
		<width>1280</width>
		<height>782</height>
		<depth>3</depth>
	</size>
	<object>
		<name>toyota logo</name>
		<pose>Unspecified</pose>
		<truncated>0</truncated>
		<difficult>0</difficult>
		<bndbox>
			<xmin>103</xmin>
			<ymin>55</ymin>
			<xmax>1178</xmax>
			<ymax>729</ymax>
		</bndbox>
	</object>
</annotation>