<annotation>
	<folder>my-project-name</folder>
	<filename>Toyota-Logo-Vector-Free-Vector.jpg</filename>
	<path>/my-project-name/Toyota-Logo-Vector-Free-Vector.jpg</path>
	<source>
		<database>Unspecified</database>
	</source>
	<size>
		<width>458</width>
		<height>458</height>
		<depth>3</depth>
	</size>
	<object>
		<name>toyota logo</name>
		<pose>Unspecified</pose>
		<truncated>0</truncated>
		<difficult>0</difficult>
		<bndbox>
			<xmin>110</xmin>
			<ymin>152</ymin>
			<xmax>348</xmax>
			<ymax>305</ymax>
		</bndbox>
	</object>
</annotation>